Configuration,Geo_Mean,dhrystone.trace,coremark.trace,microbench.trace,rthread.trace,MC.trace,MC_1024.trace,MC_2048.trace,MC_8192.trace,gemm.trace,conv_stride.trace,conv_block.trace
ways8_line64_random,0.2490%,0.03%,0.06%,0.28%,0.45%,0.46%,0.34%,0.40%,0.81%,0.16%,0.40%,0.31%
ways4_line64_random,0.3434%,0.03%,0.06%,0.27%,0.45%,1.45%,0.34%,1.23%,2.90%,0.16%,0.41%,0.31%
ways2_line64_random,0.3622%,0.04%,0.06%,0.28%,0.45%,1.63%,0.34%,1.26%,3.28%,0.16%,0.41%,0.31%
ways2_line64_fifo,0.3668%,0.03%,0.06%,0.29%,0.45%,1.64%,0.45%,1.39%,3.30%,0.16%,0.41%,0.31%
ways2_line64_lru,0.3686%,0.03%,0.06%,0.28%,0.45%,1.64%,0.45%,1.39%,3.29%,0.16%,0.45%,0.31%
ways2_line64_plru,0.3686%,0.03%,0.06%,0.28%,0.45%,1.64%,0.45%,1.39%,3.29%,0.16%,0.45%,0.31%
ways4_line64_fifo,0.3851%,0.03%,0.06%,0.31%,0.45%,1.64%,0.67%,1.39%,3.30%,0.16%,0.44%,0.31%
ways4_line64_lru,0.3888%,0.03%,0.06%,0.31%,0.45%,1.64%,0.67%,1.39%,3.29%,0.16%,0.49%,0.31%
ways8_line32_random,0.4061%,0.06%,0.10%,0.51%,0.90%,0.57%,0.46%,0.52%,0.92%,0.32%,0.80%,0.56%
ways8_line64_fifo,0.4106%,0.03%,0.06%,0.33%,0.45%,1.64%,1.12%,1.39%,3.30%,0.16%,0.50%,0.31%
ways8_line64_lru,0.4108%,0.03%,0.06%,0.32%,0.45%,1.64%,1.12%,1.39%,3.29%,0.16%,0.52%,0.31%
ways4_line32_random,0.5399%,0.06%,0.10%,0.51%,0.90%,1.56%,0.45%,1.35%,3.00%,0.32%,0.81%,0.56%
ways2_line32_random,0.5555%,0.06%,0.10%,0.52%,0.90%,1.75%,0.46%,1.38%,3.39%,0.32%,0.82%,0.56%
ways2_line32_fifo,0.5729%,0.06%,0.10%,0.54%,0.90%,1.76%,0.57%,1.51%,3.40%,0.32%,0.81%,0.56%
ways2_line32_lru,0.5767%,0.06%,0.10%,0.53%,0.90%,1.75%,0.57%,1.50%,3.40%,0.32%,0.90%,0.56%
ways2_line32_plru,0.5767%,0.06%,0.10%,0.53%,0.90%,1.75%,0.57%,1.50%,3.40%,0.32%,0.90%,0.56%
ways4_line64_plru,0.5788%,0.04%,0.06%,3.95%,0.92%,1.47%,0.89%,1.25%,2.94%,0.20%,0.94%,0.31%
ways4_line32_fifo,0.6003%,0.06%,0.10%,0.60%,0.90%,1.76%,0.79%,1.51%,3.40%,0.32%,0.88%,0.56%
ways4_line32_lru,0.6034%,0.06%,0.10%,0.59%,0.89%,1.75%,0.79%,1.50%,3.40%,0.32%,0.97%,0.56%
ways8_line32_fifo,0.6354%,0.06%,0.10%,0.64%,0.90%,1.76%,1.23%,1.51%,3.40%,0.32%,0.99%,0.56%
ways8_line32_lru,0.6360%,0.06%,0.10%,0.63%,0.89%,1.75%,1.23%,1.50%,3.40%,0.32%,1.04%,0.56%
ways8_line16_random,0.6995%,0.11%,0.20%,0.99%,1.79%,0.81%,0.69%,0.75%,1.13%,0.63%,1.59%,1.06%
ways4_line32_plru,0.7583%,0.06%,0.10%,3.12%,1.37%,1.58%,1.01%,1.36%,3.04%,0.39%,1.29%,0.56%
ways4_line16_random,0.8855%,0.11%,0.20%,0.99%,1.79%,1.80%,0.69%,1.57%,3.21%,0.63%,1.61%,1.06%
ways2_line16_random,0.9046%,0.11%,0.20%,0.99%,1.79%,1.98%,0.69%,1.60%,3.60%,0.63%,1.62%,1.06%
ways2_line16_fifo,0.9277%,0.11%,0.20%,1.04%,1.79%,1.99%,0.80%,1.73%,3.61%,0.63%,1.61%,1.06%
ways2_line16_lru,0.9355%,0.11%,0.20%,1.02%,1.79%,1.99%,0.80%,1.73%,3.61%,0.63%,1.80%,1.06%
ways2_line16_plru,0.9355%,0.11%,0.20%,1.02%,1.79%,1.99%,0.80%,1.73%,3.61%,0.63%,1.80%,1.06%
ways4_line16_fifo,0.9639%,0.11%,0.20%,1.15%,1.79%,1.99%,1.02%,1.73%,3.61%,0.63%,1.74%,1.06%
ways8_line64_plru,0.9696%,0.04%,0.81%,4.34%,1.42%,1.47%,1.00%,1.25%,2.94%,0.58%,3.67%,0.31%
ways4_line16_lru,0.9717%,0.11%,0.20%,1.14%,1.78%,1.99%,1.02%,1.73%,3.61%,0.63%,1.93%,1.06%
ways8_line16_fifo,1.0147%,0.11%,0.20%,1.24%,1.79%,1.99%,1.47%,1.73%,3.61%,0.63%,1.97%,1.06%
ways8_line16_lru,1.0172%,0.11%,0.20%,1.22%,1.78%,1.99%,1.47%,1.73%,3.61%,0.63%,2.07%,1.06%
ways4_line16_plru,1.1220%,0.11%,0.20%,3.75%,2.07%,1.82%,1.24%,1.59%,3.25%,0.76%,2.21%,1.06%
ways8_line32_plru,1.1642%,0.06%,0.87%,3.44%,1.87%,1.58%,1.12%,1.36%,3.04%,0.97%,3.99%,0.56%
ways8_line8_random,1.2400%,0.20%,0.38%,1.93%,3.57%,1.28%,1.15%,1.21%,1.55%,1.25%,2.89%,2.04%
ways4_line8_random,1.4796%,0.20%,0.38%,1.92%,3.57%,2.26%,1.16%,2.03%,3.63%,1.25%,2.90%,2.04%
ways2_line8_random,1.5088%,0.20%,0.38%,1.94%,3.58%,2.45%,1.16%,2.06%,4.01%,1.25%,2.92%,2.04%
ways8_line16_plru,1.5216%,0.11%,0.81%,4.12%,2.35%,1.82%,1.35%,1.59%,3.25%,1.79%,4.87%,1.06%
ways2_line8_fifo,1.5394%,0.20%,0.38%,2.03%,3.57%,2.45%,1.27%,2.19%,4.02%,1.25%,2.99%,2.04%
ways2_line8_lru,1.5486%,0.20%,0.38%,2.00%,3.56%,2.45%,1.27%,2.19%,4.02%,1.25%,3.25%,2.04%
ways2_line8_plru,1.5486%,0.20%,0.38%,2.00%,3.56%,2.45%,1.27%,2.19%,4.02%,1.25%,3.25%,2.04%
ways4_line8_fifo,1.5888%,0.20%,0.38%,2.26%,3.56%,2.45%,1.49%,2.19%,4.02%,1.25%,3.25%,2.04%
ways4_line8_lru,1.6033%,0.20%,0.38%,2.23%,3.55%,2.45%,1.49%,2.19%,4.02%,1.25%,3.65%,2.04%
ways8_line8_fifo,1.6603%,0.20%,0.38%,2.44%,3.56%,2.45%,1.93%,2.19%,4.02%,1.25%,3.77%,2.04%
ways8_line8_lru,1.6607%,0.20%,0.38%,2.39%,3.56%,2.45%,1.93%,2.19%,4.02%,1.25%,3.86%,2.04%
ways4_line8_plru,1.7701%,0.21%,0.38%,5.46%,3.84%,2.28%,1.71%,2.05%,3.67%,1.42%,3.76%,2.04%
ways8_line8_plru,2.2355%,0.21%,1.06%,5.99%,4.09%,2.28%,1.82%,2.05%,3.67%,3.12%,6.43%,2.04%
